{"x":{"0":1.0,"1":3.0204081633,"2":5.0408163265,"3":7.0612244898,"4":9.0816326531,"5":11.1020408163,"6":13.1224489796,"7":15.1428571429,"8":17.1632653061,"9":19.1836734694,"10":21.2040816327,"11":23.2244897959,"12":25.2448979592,"13":27.2653061224,"14":29.2857142857,"15":31.306122449,"16":33.3265306122,"17":35.3469387755,"18":37.3673469388,"19":39.387755102,"20":41.4081632653,"21":43.4285714286,"22":45.4489795918,"23":47.4693877551,"24":49.4897959184,"25":51.5102040816,"26":53.5306122449,"27":55.5510204082,"28":57.5714285714,"29":59.5918367347,"30":61.612244898,"31":63.6326530612,"32":65.6530612245,"33":67.6734693878,"34":69.693877551,"35":71.7142857143,"36":73.7346938776,"37":75.7551020408,"38":77.7755102041,"39":79.7959183673,"40":81.8163265306,"41":83.8367346939,"42":85.8571428571,"43":87.8775510204,"44":89.8979591837,"45":91.9183673469,"46":93.9387755102,"47":95.9591836735,"48":97.9795918367,"49":100.0,"50":null,"51":null,"52":null,"53":null,"54":null,"55":null,"56":null,"57":null,"58":null,"59":null,"60":null,"61":null,"62":null,"63":null,"64":null,"65":null,"66":null,"67":null,"68":null,"69":null,"70":null,"71":null,"72":null,"73":null,"74":null,"75":null,"76":null,"77":null,"78":null,"79":null,"80":null,"81":null,"82":null,"83":null,"84":null,"85":null,"86":null,"87":null,"88":null,"89":null,"90":null,"91":null,"92":null,"93":null,"94":null,"95":null,"96":null,"97":null,"98":null,"99":null},"y":{"0":0.8414709848,"1":0.1208880953,"2":-0.9465507809,"3":0.7018840965,"4":0.3364506912,"5":-0.9943377906,"6":0.5278594967,"7":0.535505445,"8":-0.993337945,"9":0.3279356451,"10":0.7082858011,"11":-0.943600301,"12":0.1119217393,"13":0.8463143481,"14":-0.8475652199,"15":-0.1095835697,"16":0.9428187611,"17":-0.7099446311,"18":-0.3257121971,"19":0.993064083,"20":-0.5374908434,"21":-0.525859863,"22":0.9945850435,"23":-0.338665245,"24":-0.7002063884,"25":0.9473070172,"26":-0.1232231481,"27":-0.8401975185,"28":0.853549685,"29":0.0982648518,"30":-0.9389646348,"31":0.7179132193,"32":0.3149315192,"33":-0.9916617614,"34":0.5470525785,"35":0.5161461757,"36":-0.9957033311,"37":0.3493509837,"38":0.6920362904,"39":-0.9508910456,"40":0.1345085981,"41":0.8339718731,"42":-0.859423605,"43":-0.0869334074,"44":0.9349889012,"45":-0.725788829,"46":-0.3041100539,"47":0.9901310076,"48":-0.5565434637,"49":-0.5063656411,"50":null,"51":null,"52":null,"53":null,"54":null,"55":null,"56":null,"57":null,"58":null,"59":null,"60":null,"61":null,"62":null,"63":null,"64":null,"65":null,"66":null,"67":null,"68":null,"69":null,"70":null,"71":null,"72":null,"73":null,"74":null,"75":null,"76":null,"77":null,"78":null,"79":null,"80":null,"81":null,"82":null,"83":null,"84":null,"85":null,"86":null,"87":null,"88":null,"89":null,"90":null,"91":null,"92":null,"93":null,"94":null,"95":null,"96":null,"97":null,"98":null,"99":null},"z":{"0":0.764725154,"1":0.1205955732,"2":-0.8430698606,"3":0.6542093949,"4":0.3304061497,"5":-0.8773641275,"6":0.5059902855,"7":0.5127413282,"8":-0.8766549482,"9":0.3223253233,"10":0.6594413466,"11":-0.8409254984,"12":0.1116893825,"13":0.7684266356,"14":-0.7693811639,"15":-0.1093654231,"16":0.8403569582,"17":-0.6607944934,"18":-0.3202118847,"19":0.8764606391,"20":-0.5144908459,"21":-0.5042211699,"22":0.8775394465,"23":-0.3325043852,"24":-0.6528356378,"25":0.8436189728,"26":-0.1229134242,"27":-0.7637504552,"28":0.77393971,"29":0.0981073944,"30":-0.8375499842,"31":0.6672798947,"32":0.309945099,"33":-0.8754652543,"34":0.5228962642,"35":0.4956065724,"36":-0.8783321174,"37":0.3426089136,"38":0.6461302373,"39":-0.8462185609,"40":0.1341062644,"41":0.7589766,"42":-0.7784009697,"43":-0.0868242794,"44":0.8346487808,"45":-0.673665613,"46":-0.299607531,"47":0.8743779098,"48":-0.5312060045,"49":-0.4868981667,"50":null,"51":null,"52":null,"53":null,"54":null,"55":null,"56":null,"57":null,"58":null,"59":null,"60":null,"61":null,"62":null,"63":null,"64":null,"65":null,"66":null,"67":null,"68":null,"69":null,"70":null,"71":null,"72":null,"73":null,"74":null,"75":null,"76":null,"77":null,"78":null,"79":null,"80":null,"81":null,"82":null,"83":null,"84":null,"85":null,"86":null,"87":null,"88":null,"89":null,"90":null,"91":null,"92":null,"93":null,"94":null,"95":null,"96":null,"97":null,"98":null,"99":null},"cid":{"0":4.0,"1":1.0,"2":0.0,"3":1.0,"4":1.0,"5":4.0,"6":1.0,"7":1.0,"8":4.0,"9":0.0,"10":3.0,"11":1.0,"12":0.0,"13":4.0,"14":3.0,"15":4.0,"16":1.0,"17":4.0,"18":2.0,"19":3.0,"20":1.0,"21":3.0,"22":3.0,"23":1.0,"24":1.0,"25":4.0,"26":4.0,"27":2.0,"28":2.0,"29":0.0,"30":3.0,"31":1.0,"32":0.0,"33":1.0,"34":1.0,"35":4.0,"36":3.0,"37":2.0,"38":2.0,"39":0.0,"40":0.0,"41":3.0,"42":4.0,"43":2.0,"44":2.0,"45":0.0,"46":2.0,"47":4.0,"48":4.0,"49":1.0,"50":0.0,"51":2.0,"52":4.0,"53":3.0,"54":0.0,"55":2.0,"56":0.0,"57":4.0,"58":3.0,"59":1.0,"60":3.0,"61":0.0,"62":0.0,"63":4.0,"64":1.0,"65":4.0,"66":0.0,"67":1.0,"68":1.0,"69":2.0,"70":1.0,"71":4.0,"72":3.0,"73":4.0,"74":0.0,"75":4.0,"76":0.0,"77":0.0,"78":1.0,"79":2.0,"80":0.0,"81":2.0,"82":0.0,"83":1.0,"84":4.0,"85":1.0,"86":2.0,"87":1.0,"88":4.0,"89":3.0,"90":4.0,"91":3.0,"92":0.0,"93":4.0,"94":3.0,"95":2.0,"96":0.0,"97":1.0,"98":4.0,"99":1.0}}