{"x":{"0":-164.0136379398,"1":201.2583844333,"2":38.7776384685,"3":44.8744678173,"4":28.7776607545,"5":62.1942582489,"6":2.6621212874,"7":23.0275741006,"8":-67.8543346642,"9":80.8734821362,"10":10.1061230743,"11":67.66965752,"12":71.4564354603,"13":-199.2804704489,"14":-17.9111670277,"15":82.740071584,"16":48.8327050024,"17":14.7754370772,"18":-84.9540933702,"19":125.9224880914,"20":99.012482904,"21":63.6361591096,"22":-54.3738549805,"23":-163.2809783202,"24":-37.1778358924,"25":-35.3444438412,"26":-2.9993089486,"27":-95.9847014593,"28":178.8949940263,"29":-122.2966166074,"30":-85.0474211579,"31":150.6920639565,"32":0.7689327407,"33":-15.0320571448,"34":-43.4998073818,"35":-54.5053554561,"36":56.3727709551,"37":85.6926097282,"38":198.1809952068,"39":94.4678213385,"40":49.8533439464,"41":51.5801406067,"42":0.4371597518,"43":44.4740516732,"44":-228.4841634961,"45":18.7135115634,"46":14.876492657,"47":-126.9315802323,"48":-121.6045115024,"49":103.5452305117,"50":65.474584143,"51":88.2434673206,"52":-18.4574067987,"53":180.959065599,"54":-102.0726378751,"55":137.4841653345,"56":53.6288052877,"57":118.8012943025,"58":-49.5637734058,"59":86.2294507895,"60":9.3879202541,"61":-113.3326250577,"62":123.7961069964,"63":-31.2096324055,"64":-25.0695862607,"65":-2.0715435382,"66":49.7895801139,"67":26.6159121039,"68":-77.0329840382,"69":-1.2422104786,"70":193.9727154141,"71":-144.9278078784,"72":-93.6159636503,"73":-95.9233870071,"74":112.3732676136,"75":114.9468461462,"76":-17.9167942813,"77":-44.5873857388,"78":-14.2819128891,"79":52.80407559,"80":45.0204848954,"81":-13.0582776599,"82":12.0431242437,"83":-6.1676494765,"84":83.1888433532,"85":-20.8605657921,"86":27.7116653126,"87":-29.6098222027,"88":182.3241891158,"89":-19.3612390487,"90":166.8947962454,"91":78.1093363155,"92":-40.0587210584,"93":146.789419379,"94":69.3238388988,"95":48.6726482775,"96":38.1837949589,"97":-23.0286322116,"98":90.7045578477,"99":58.1399852309},"y":{"0":-46.1731560031,"1":-83.5691806403,"2":52.3212049082,"3":-92.9931270883,"4":151.5732298382,"5":-26.397142502,"6":157.0969103532,"7":1.1203305596,"8":-14.5137763641,"9":154.0297250709,"10":113.3250207803,"11":-20.5146484829,"12":-13.072447538,"13":-269.072156131,"14":-31.6226177947,"15":113.4554178445,"16":-76.3011862203,"17":112.533225652,"18":-14.0984483441,"19":8.3341921986,"20":94.9890904455,"21":-0.5649674078,"22":-58.7179857343,"23":-3.0975001476,"24":-15.4105519358,"25":24.3694571496,"26":-65.9206292244,"27":-19.3102948813,"28":-35.3858289771,"29":105.4068161086,"30":79.2528731083,"31":116.1542246539,"32":-109.5140925652,"33":-59.1689602956,"34":59.960542643,"35":28.368882178,"36":67.715691862,"37":51.183253988,"38":64.0713021772,"39":-229.216106742,"40":-16.7346484015,"41":-36.8507423529,"42":32.582003891,"43":-13.4014662275,"44":-121.425240502,"45":36.2995560321,"46":-35.1943754817,"47":38.7240173115,"48":80.7270798257,"49":-126.7234226891,"50":-224.7567729014,"51":-58.0738933527,"52":-96.2234997364,"53":-81.5233494119,"54":-19.9250528155,"55":128.5349294307,"56":-48.7342907497,"57":-88.8995316755,"58":-137.7687596277,"59":-162.4806646317,"60":-78.0262843357,"61":-90.5264324633,"62":-58.2750126016,"63":-229.1299952361,"64":-87.0498621989,"65":35.945388466,"66":2.0185639264,"67":-31.5689010527,"68":-92.7687920087,"69":-69.1676860972,"70":-97.1212899199,"71":114.2870925114,"72":-87.9127961327,"73":-35.8066482855,"74":-108.7212232066,"75":-106.1116517352,"76":-115.4846258471,"77":-77.1863894337,"78":-147.2676598164,"79":16.3005286851,"80":-44.878925562,"81":-59.8784242739,"82":77.630501595,"83":59.7274547069,"84":-102.5527404371,"85":-66.1991495931,"86":59.3419597929,"87":-57.3982178551,"88":74.629455089,"89":106.6815577957,"90":239.1070019765,"91":-92.6105486059,"92":-9.003461937,"93":14.8759527562,"94":22.7885733761,"95":-111.3692472483,"96":21.3229514095,"97":125.7030187917,"98":4.0730324568,"99":-140.2839214018},"z":{"0":-195.5430686634,"1":-90.6381828151,"2":94.8266567466,"3":-41.8059622416,"4":-1.2126013931,"5":-202.0517969155,"6":55.0632700455,"7":-118.794714523,"8":47.0732987178,"9":18.6737838456,"10":-116.3085242374,"11":-0.5039793588,"12":-114.7503495041,"13":-180.3721452503,"14":-219.5217617184,"15":-139.3559325451,"16":121.284322308,"17":-28.6296735927,"18":-33.166324899,"19":-41.225992154,"20":-18.3938556697,"21":-95.2479589722,"22":-108.47511874,"23":-9.4554256275,"24":-7.8305953139,"25":-11.0675750833,"26":12.4595316192,"27":72.5259065579,"28":86.384102003,"29":-109.9186238496,"30":-156.3993013487,"31":105.0430194829,"32":75.4385335557,"33":31.100780951,"34":304.8061275417,"35":139.0055240568,"36":38.6248756513,"37":27.4642114906,"38":-179.3808885033,"39":23.1496361613,"40":-120.0071511217,"41":42.3080257368,"42":49.5491166806,"43":-46.9779726591,"44":-90.4138901676,"45":84.638486203,"46":-139.9043195159,"47":-77.8927396835,"48":-1.3107815269,"49":-69.9624300735,"50":84.4024523614,"51":-42.2631215308,"52":-49.8910481478,"53":30.8409538256,"54":-92.9643723859,"55":326.0516790487,"56":-16.7608404738,"57":-247.4644861519,"58":75.9277676635,"59":138.5833237968,"60":-106.2074756043,"61":103.6889261717,"62":-46.6584003705,"63":86.1535971592,"64":-107.8889387439,"65":-96.4349076247,"66":-135.1330119111,"67":-102.8625839584,"68":-206.5005571665,"69":-133.8394586337,"70":46.6899240171,"71":-69.2333282958,"72":139.7652434344,"73":13.2040871397,"74":-157.0641445812,"75":-80.9316843482,"76":9.2993747191,"77":-54.8260362354,"78":34.0905297313,"79":-70.7178943295,"80":-89.7840108954,"81":-26.0211840989,"82":-7.2688899768,"83":-250.354713415,"84":-180.2757774296,"85":-64.6107636537,"86":-76.468619674,"87":-72.6550016499,"88":8.5793582466,"89":-29.2905070697,"90":77.6834684372,"91":-0.6757585217,"92":-0.2558062519,"93":6.9944195601,"94":178.5842537629,"95":-142.4754856038,"96":-53.7713349691,"97":91.5074281782,"98":-55.6243315691,"99":216.4064383402},"cid":{"0":2.0,"1":1.0,"2":2.0,"3":1.0,"4":3.0,"5":3.0,"6":0.0,"7":0.0,"8":3.0,"9":4.0,"10":2.0,"11":1.0,"12":4.0,"13":0.0,"14":1.0,"15":0.0,"16":1.0,"17":0.0,"18":4.0,"19":3.0,"20":4.0,"21":3.0,"22":2.0,"23":4.0,"24":4.0,"25":1.0,"26":3.0,"27":4.0,"28":2.0,"29":3.0,"30":3.0,"31":2.0,"32":0.0,"33":4.0,"34":4.0,"35":2.0,"36":1.0,"37":2.0,"38":1.0,"39":2.0,"40":1.0,"41":0.0,"42":3.0,"43":0.0,"44":3.0,"45":2.0,"46":2.0,"47":1.0,"48":0.0,"49":2.0,"50":1.0,"51":0.0,"52":3.0,"53":3.0,"54":1.0,"55":0.0,"56":0.0,"57":4.0,"58":0.0,"59":2.0,"60":2.0,"61":1.0,"62":3.0,"63":2.0,"64":4.0,"65":3.0,"66":0.0,"67":2.0,"68":1.0,"69":4.0,"70":0.0,"71":0.0,"72":2.0,"73":2.0,"74":1.0,"75":2.0,"76":4.0,"77":2.0,"78":2.0,"79":4.0,"80":2.0,"81":1.0,"82":2.0,"83":3.0,"84":0.0,"85":1.0,"86":0.0,"87":1.0,"88":4.0,"89":3.0,"90":3.0,"91":2.0,"92":4.0,"93":0.0,"94":2.0,"95":2.0,"96":0.0,"97":0.0,"98":1.0,"99":3.0}}